{
    "pearson_r": 0.7913155721534122,
    "rmse": 1.093949794769287,
    "spearman_rho": 0.6601919453312246
}