{
    "pearson_r": 0.91119962136608,
    "rmse": 0.7748369574546814,
    "spearman_rho": 0.9035741221688703
}