{
    "pearson_r": 0.8602896516281636,
    "rmse": 1.0420299768447876,
    "spearman_rho": 0.8559756780322346
}